Function,moyenne,std
f2,1.1724697146936458e+48,5.240681401283545e+48
f4,7523.598872133472,4838.949585145815
f12,19624731329.715065,24255577390.845024
f25,8815.96198061575,2799.2034982490895
