Function,moyenne,std
f2,4.5778979573132225e+47,1.4454391848344384e+49
f4,6581.185472529282,4132.332750059282
f12,57568269790.51859,6787161689.371902
f25,5339.578279273905,2614.8985843045257
