Function,moyenne,std
f2,1.4562902690973705e+46,2.4609091135417546e+47
f4,2095.7413544377973,3491.7216132643316
f12,8242023968.010616,13341794150.278282
f25,5076.449886437668,1602.8007562285215
